source_event_id,event_id,source,disaster_type,year,month,date,date_precision,latitude,longitude,coord_source,state_name,district_name,cyclone_location,wind_speed_knots,pressure_mb,storm_speed_knots,storm_direction_deg,storm_direction,duration_days,cyclone_severity,cyclone_severity_text,alert_level,alert_score,description,episode_id,event_name,glide,country,iso3,from_date,to_date,date_modified,source_name,severity_data
HIST_TC_000001,HIST_TC_000001,HISTORICAL,CYCLONE,1990,5,1990-05-01 00:00:00,month,15.8,81.0,exact,Andhra Pradesh,Krishna,On Ocean,90.0,956.0,4.0,335.0,North_West,,,,,,,,,,,,,,,,
HIST_TC_000002,HIST_TC_000002,HISTORICAL,CYCLONE,1990,12,1990-12-01 00:00:00,month,21.1,92.1,exact,Mizoram,,On Ocean,,,10.0,50.0,North_East,,,,,,,,,,,,,,,,
HIST_TC_000003,HIST_TC_000003,HISTORICAL,CYCLONE,1991,4,1991-04-01 00:00:00,month,22.0,91.6,exact,Tripura,,On Ocean,127.0,920.0,18.0,35.0,North_East,,,,,,,,,,,,,,,,
HIST_TC_000004,HIST_TC_000004,HISTORICAL,CYCLONE,1991,6,1991-06-01 00:00:00,month,22.3,91.0,exact,Tripura,,On Ocean,45.0,990.0,24.0,30.0,North_East,,,,,,,,,,,,,,,,
HIST_TC_000005,HIST_TC_000005,HISTORICAL,CYCLONE,1991,11,1991-11-01 00:00:00,month,11.1,80.2,exact,Tamil Nadu,,On Ocean,45.0,998.0,5.0,285.0,West,,,,,,,,,,,,,,,,
HIST_TC_000006,HIST_TC_000006,HISTORICAL,CYCLONE,1992,5,1992-05-01 00:00:00,month,18.5,93.6,exact,Mizoram,,On Ocean,35.0,994.0,16.0,45.0,North_East,,,,,,,,,,,,,,,,
HIST_TC_000007,HIST_TC_000007,HISTORICAL,CYCLONE,1992,6,1992-06-01 00:00:00,month,20.4,87.0,exact,Odisha,,On Ocean,,,6.0,295.0,North_West,,,,,,,,,,,,,,,,
HIST_TC_000008,HIST_TC_000008,HISTORICAL,CYCLONE,1992,7,1992-07-01 00:00:00,month,20.2,86.8,exact,Odisha,,On Ocean,,,7.0,295.0,North_West,,,,,,,,,,,,,,,,
HIST_TC_000009,HIST_TC_000009,HISTORICAL,CYCLONE,1992,9,1992-09-01 00:00:00,month,18.1,98.9,exact,Andaman and Nicobar Islands,,On Ocean,,,16.0,270.0,West,,,,,,,,,,,,,,,,
HIST_TC_000010,HIST_TC_000010,HISTORICAL,CYCLONE,1992,9,1992-09-01 00:00:00,month,12.0,77.3,exact,Karnataka,Chamarajanagara,On Ocean,,,14.0,270.0,West,,,,,,,,,,,,,,,,
HIST_TC_000011,HIST_TC_000011,HISTORICAL,CYCLONE,1992,10,1992-10-01 00:00:00,month,16.2,81.3,exact,Andhra Pradesh,,On Ocean,,,12.0,315.0,North_West,,,,,,,,,,,,,,,,
HIST_TC_000012,HIST_TC_000012,HISTORICAL,CYCLONE,1992,10,1992-10-01 00:00:00,month,21.2,92.2,exact,Mizoram,,On Ocean,35.0,997.0,8.0,65.0,North_East,,,,,,,,,,,,,,,,
HIST_TC_000013,HIST_TC_000013,HISTORICAL,CYCLONE,1992,11,1992-11-01 00:00:00,month,7.8,99.9,exact,Andaman and Nicobar Islands,,On Ocean,,,14.0,265.0,West,,,,,,,,,,,,,,,,
HIST_TC_000014,HIST_TC_000014,HISTORICAL,CYCLONE,1992,11,1992-11-01 00:00:00,month,8.4,99.9,exact,Andaman and Nicobar Islands,,On Ocean,,,15.0,285.0,West,,,,,,,,,,,,,,,,
HIST_TC_000015,HIST_TC_000015,HISTORICAL,CYCLONE,1992,12,1992-12-01 00:00:00,month,8.6,50.3,exact,Lakshadweep,,On Ocean,,,9.0,295.0,North_West,,,,,,,,,,,,,,,,
HIST_TC_000016,HIST_TC_000016,HISTORICAL,CYCLONE,1993,11,1993-11-01 00:00:00,month,8.1,77.6,exact,Tamil Nadu,,On Ocean,,,4.0,0.0,North,,,,,,,,,,,,,,,,
HIST_TC_000017,HIST_TC_000017,HISTORICAL,CYCLONE,1993,11,1993-11-01 00:00:00,month,7.8,99.6,exact,Andaman and Nicobar Islands,,On Ocean,,,11.0,275.0,West,,,,,,,,,,,,,,,,
HIST_TC_000018,HIST_TC_000018,HISTORICAL,CYCLONE,1993,12,1993-12-01 00:00:00,month,7.5,100.0,exact,Andaman and Nicobar Islands,,On Ocean,,,14.0,300.0,North_West,,,,,,,,,,,,,,,,
HIST_TC_000019,HIST_TC_000019,HISTORICAL,CYCLONE,1994,5,1994-05-01 00:00:00,month,20.7,92.1,exact,Mizoram,,On Ocean,115.0,940.0,12.0,25.0,North_East,,,,,,,,,,,,,,,,
HIST_TC_000020,HIST_TC_000020,HISTORICAL,CYCLONE,1994,6,1994-06-01 00:00:00,month,20.5,57.8,exact,Gujarat,,On Ocean,,,8.0,290.0,West,,,,,,,,,,,,,,,,
HIST_TC_000021,HIST_TC_000021,HISTORICAL,CYCLONE,1994,7,1994-07-01 00:00:00,month,19.0,99.5,exact,Mizoram,,On Ocean,,,9.0,270.0,West,,,,,,,,,,,,,,,,
HIST_TC_000022,HIST_TC_000022,HISTORICAL,CYCLONE,1994,10,1994-10-01 00:00:00,month,12.7,80.4,exact,Tamil Nadu,,On Ocean,60.0,989.0,5.0,310.0,North_West,,,,,,,,,,,,,,,,
HIST_TC_000023,HIST_TC_000023,HISTORICAL,CYCLONE,1994,11,1994-11-01 00:00:00,month,7.8,50.1,exact,Lakshadweep,,On Ocean,45.0,994.0,10.0,265.0,West,,,,,,,,,,,,,,,,
HIST_TC_000024,HIST_TC_000024,HISTORICAL,CYCLONE,1995,5,1995-05-01 00:00:00,month,12.0,79.5,exact,Tamil Nadu,Viluppuram,On Ocean,,,13.0,310.0,North_West,,,,,,,,,,,,,,,,
HIST_TC_000025,HIST_TC_000025,HISTORICAL,CYCLONE,1995,5,1995-05-01 00:00:00,month,16.9,82.5,exact,Andhra Pradesh,,On Ocean,,,10.0,0.0,North,,,,,,,,,,,,,,,,
HIST_TC_000026,HIST_TC_000026,HISTORICAL,CYCLONE,1995,5,1995-05-01 00:00:00,month,22.5,89.5,exact,West Bengal,,On Ocean,,,13.0,55.0,North_East,,,,,,,,,,,,,,,,
HIST_TC_000027,HIST_TC_000027,HISTORICAL,CYCLONE,1995,8,1995-08-01 00:00:00,month,18.2,99.6,exact,Andaman and Nicobar Islands,,On Ocean,,,21.0,265.0,West,,,,,,,,,,,,,,,,
HIST_TC_000028,HIST_TC_000028,HISTORICAL,CYCLONE,1995,9,1995-09-01 00:00:00,month,15.8,99.9,exact,Andaman and Nicobar Islands,,On Ocean,,,17.0,280.0,West,,,,,,,,,,,,,,,,
HIST_TC_000029,HIST_TC_000029,HISTORICAL,CYCLONE,1995,9,1995-09-01 00:00:00,month,21.8,87.0,exact,Odisha,Mayurbhanj,On Ocean,,,9.0,300.0,North_West,,,,,,,,,,,,,,,,
HIST_TC_000030,HIST_TC_000030,HISTORICAL,CYCLONE,1995,10,1995-10-01 00:00:00,month,16.9,73.5,exact,Maharashtra,Ratnagiri,On Ocean,,,8.0,255.0,West,,,,,,,,,,,,,,,,
HIST_TC_000031,HIST_TC_000031,HISTORICAL,CYCLONE,1995,10,1995-10-01 00:00:00,month,13.8,99.6,exact,Andaman and Nicobar Islands,,On Ocean,,,18.0,280.0,West,,,,,,,,,,,,,,,,
HIST_TC_000032,HIST_TC_000032,HISTORICAL,CYCLONE,1995,11,1995-11-01 00:00:00,month,17.8,84.3,exact,Andhra Pradesh,,On Ocean,65.0,984.0,15.0,350.0,North,,,,,,,,,,,,,,,,
HIST_TC_000033,HIST_TC_000033,HISTORICAL,CYCLONE,1995,11,1995-11-01 00:00:00,month,20.9,91.5,exact,Mizoram,,On Ocean,65.0,978.0,26.0,55.0,North_East,,,,,,,,,,,,,,,,
HIST_TC_000034,HIST_TC_000034,HISTORICAL,CYCLONE,1996,5,1996-05-01 00:00:00,month,21.8,92.7,exact,Mizoram,,On Ocean,,,14.0,55.0,North_East,,,,,,,,,,,,,,,,
HIST_TC_000035,HIST_TC_000035,HISTORICAL,CYCLONE,1996,6,1996-06-01 00:00:00,month,19.6,57.8,exact,Gujarat,,On Ocean,,,10.0,335.0,North_West,,,,,,,,,,,,,,,,
HIST_TC_000036,HIST_TC_000036,HISTORICAL,CYCLONE,1996,6,1996-06-01 00:00:00,month,17.8,83.6,exact,Andhra Pradesh,,On Ocean,45.0,992.0,4.0,340.0,North,,,,,,,,,,,,,,,,
HIST_TC_000037,HIST_TC_000037,HISTORICAL,CYCLONE,1996,6,1996-06-01 00:00:00,month,20.6,70.7,exact,Gujarat,,On Ocean,58.0,974.0,5.0,20.0,North,,,,,,,,,,,,,,,,
HIST_TC_000038,HIST_TC_000038,HISTORICAL,CYCLONE,1996,7,1996-07-01 00:00:00,month,24.0,84.0,exact,Jharkhand,Palamu,On Ocean,,,17.0,285.0,West,,,,,,,,,,,,,,,,
HIST_TC_000039,HIST_TC_000039,HISTORICAL,CYCLONE,1996,10,1996-10-01 00:00:00,month,15.3,79.8,exact,Andhra Pradesh,Prakasam,On Ocean,,,7.0,315.0,North_West,,,,,,,,,,,,,,,,
HIST_TC_000040,HIST_TC_000040,HISTORICAL,CYCLONE,1996,10,1996-10-01 00:00:00,month,13.0,80.2,exact,Tamil Nadu,Chennai,On Ocean,,,3.0,290.0,West,,,,,,,,,,,,,,,,
HIST_TC_000041,HIST_TC_000041,HISTORICAL,CYCLONE,1996,10,1996-10-01 00:00:00,month,22.7,89.4,exact,West Bengal,,On Ocean,,,18.0,15.0,North,,,,,,,,,,,,,,,,
HIST_TC_000042,HIST_TC_000042,HISTORICAL,CYCLONE,1996,10,1996-10-01 00:00:00,month,11.4,99.6,exact,Andaman and Nicobar Islands,,On Ocean,,,12.0,280.0,West,,,,,,,,,,,,,,,,
HIST_TC_000043,HIST_TC_000043,HISTORICAL,CYCLONE,1996,11,1996-11-01 00:00:00,month,15.9,96.0,exact,Andaman and Nicobar Islands,,On Ocean,,,6.0,290.0,West,,,,,,,,,,,,,,,,
HIST_TC_000044,HIST_TC_000044,HISTORICAL,CYCLONE,1996,11,1996-11-01 00:00:00,month,10.6,99.6,exact,Andaman and Nicobar Islands,,On Ocean,,,8.0,290.0,West,,,,,,,,,,,,,,,,
HIST_TC_000045,HIST_TC_000045,HISTORICAL,CYCLONE,1996,12,1996-12-01 00:00:00,month,12.7,80.2,exact,Tamil Nadu,Chengalpattu,On Ocean,,,9.0,225.0,South_West,,,,,,,,,,,,,,,,
HIST_TC_000046,HIST_TC_000046,HISTORICAL,CYCLONE,1997,5,1997-05-01 00:00:00,month,22.1,91.6,exact,Tripura,,On Ocean,90.0,964.0,10.0,25.0,North_East,,,,,,,,,,,,,,,,
HIST_TC_000047,HIST_TC_000047,HISTORICAL,CYCLONE,1997,6,1997-06-01 00:00:00,month,22.5,87.5,exact,West Bengal,Paschim Medinipur,On Ocean,,,11.0,300.0,North_West,,,,,,,,,,,,,,,,
HIST_TC_000048,HIST_TC_000048,HISTORICAL,CYCLONE,1997,7,1997-07-01 00:00:00,month,21.2,86.7,exact,Odisha,Balasore,On Ocean,,,7.0,315.0,North_West,,,,,,,,,,,,,,,,
HIST_TC_000049,HIST_TC_000049,HISTORICAL,CYCLONE,1997,8,1997-08-01 00:00:00,month,22.5,88.0,exact,West Bengal,Howrah,On Ocean,,,5.0,0.0,North,,,,,,,,,,,,,,,,
HIST_TC_000050,HIST_TC_000050,HISTORICAL,CYCLONE,1997,8,1997-08-01 00:00:00,month,20.5,86.7,exact,Odisha,Kendrapara,On Ocean,,,5.0,270.0,West,,,,,,,,,,,,,,,,
HIST_TC_000051,HIST_TC_000051,HISTORICAL,CYCLONE,1997,8,1997-08-01 00:00:00,month,20.5,85.5,exact,Odisha,Cuttack,On Ocean,,,22.0,335.0,North_West,,,,,,,,,,,,,,,,
HIST_TC_000052,HIST_TC_000052,HISTORICAL,CYCLONE,1997,9,1997-09-01 00:00:00,month,22.3,91.0,exact,Tripura,,On Ocean,,,11.0,35.0,North_East,,,,,,,,,,,,,,,,
HIST_TC_000053,HIST_TC_000053,HISTORICAL,CYCLONE,1997,11,1997-11-01 00:00:00,month,12.1,99.4,exact,Andaman and Nicobar Islands,,On Ocean,,,13.0,295.0,North_West,,,,,,,,,,,,,,,,
HIST_TC_000054,HIST_TC_000054,HISTORICAL,CYCLONE,1997,11,1997-11-01 00:00:00,month,7.9,81.6,exact,Tamil Nadu,,On Ocean,,,2.0,210.0,South_West,,,,,,,,,,,,,,,,
HIST_TC_000055,HIST_TC_000055,HISTORICAL,CYCLONE,1997,11,1997-11-01 00:00:00,month,11.1,51.3,exact,Lakshadweep,,On Ocean,,,7.0,295.0,North_West,,,,,,,,,,,,,,,,
HIST_TC_000056,HIST_TC_000056,HISTORICAL,CYCLONE,1998,5,1998-05-01 00:00:00,month,21.7,91.5,exact,Mizoram,,On Ocean,60.0,972.0,11.0,50.0,North_East,,,,,,,,,,,,,,,,
HIST_TC_000057,HIST_TC_000057,HISTORICAL,CYCLONE,1998,6,1998-06-01 00:00:00,month,21.5,69.0,exact,Gujarat,,On Ocean,80.0,958.0,13.0,35.0,North_East,,,,,,,,,,,,,,,,
HIST_TC_000058,HIST_TC_000058,HISTORICAL,CYCLONE,1998,6,1998-06-01 00:00:00,month,17.9,82.3,exact,Andhra Pradesh,Visakhapatnam,On Ocean,,,17.0,305.0,North_West,,,,,,,,,,,,,,,,
HIST_TC_000059,HIST_TC_000059,HISTORICAL,CYCLONE,1998,10,1998-10-01 00:00:00,month,21.1,69.7,exact,Gujarat,,On Ocean,,,6.0,35.0,North_East,,,,,,,,,,,,,,,,
HIST_TC_000060,HIST_TC_000060,HISTORICAL,CYCLONE,1998,10,1998-10-01 00:00:00,month,16.5,81.5,exact,Andhra Pradesh,West Godavari,On Ocean,,,10.0,0.0,North,,,,,,,,,,,,,,,,
HIST_TC_000061,HIST_TC_000061,HISTORICAL,CYCLONE,1998,11,1998-11-01 00:00:00,month,17.1,83.2,exact,Andhra Pradesh,,On Ocean,65.0,982.0,11.0,330.0,North_West,,,,,,,,,,,,,,,,
HIST_TC_000062,HIST_TC_000062,HISTORICAL,CYCLONE,1998,11,1998-11-01 00:00:00,month,10.3,99.5,exact,Andaman and Nicobar Islands,,On Ocean,,,9.0,270.0,West,,,,,,,,,,,,,,,,
HIST_TC_000063,HIST_TC_000063,HISTORICAL,CYCLONE,1998,12,1998-12-01 00:00:00,month,7.8,99.9,exact,Andaman and Nicobar Islands,,On Ocean,,,3.0,295.0,North_West,,,,,,,,,,,,,,,,
HIST_TC_000064,HIST_TC_000064,HISTORICAL,CYCLONE,1998,12,1998-12-01 00:00:00,month,18.7,57.4,exact,Gujarat,,On Ocean,,,14.0,285.0,West,,,,,,,,,,,,,,,,
HIST_TC_000065,HIST_TC_000065,HISTORICAL,CYCLONE,1999,5,1999-05-01 00:00:00,month,23.4,68.3,exact,Gujarat,,On Ocean,105.0,946.0,7.0,55.0,North_East,,,,,,,,,,,,,,,,
HIST_TC_000066,HIST_TC_000066,HISTORICAL,CYCLONE,1999,6,1999-06-01 00:00:00,month,21.6,87.8,exact,West Bengal,,On Ocean,,,15.0,310.0,North_West,,,,,,,,,,,,,,,,
HIST_TC_000067,HIST_TC_000067,HISTORICAL,CYCLONE,1999,6,1999-06-01 00:00:00,month,19.3,84.6,exact,Odisha,Ganjam,On Ocean,,,5.0,270.0,West,,,,,,,,,,,,,,,,
HIST_TC_000068,HIST_TC_000068,HISTORICAL,CYCLONE,1999,7,1999-07-01 00:00:00,month,23.0,86.5,exact,West Bengal,Purulia,On Ocean,,,24.0,280.0,West,,,,,,,,,,,,,,,,
HIST_TC_000069,HIST_TC_000069,HISTORICAL,CYCLONE,1999,10,1999-10-01 00:00:00,month,19.2,84.9,exact,Odisha,,On Ocean,90.0,968.0,5.0,0.0,North,,,,,,,,,,,,,,,,
HIST_TC_000070,HIST_TC_000070,HISTORICAL,CYCLONE,1999,10,1999-10-01 00:00:00,month,11.5,99.2,exact,Andaman and Nicobar Islands,,On Ocean,,,14.0,290.0,West,,,,,,,,,,,,,,,,
HIST_TC_000071,HIST_TC_000071,HISTORICAL,CYCLONE,1999,12,1999-12-01 00:00:00,month,9.9,99.3,exact,Andaman and Nicobar Islands,,On Ocean,,,4.0,315.0,North_West,,,,,,,,,,,,,,,,
HIST_TC_000072,HIST_TC_000072,HISTORICAL,CYCLONE,2000,10,2000-10-01 00:00:00,month,21.0,88.5,exact,West Bengal,,On Ocean,35.0,998.0,13.0,20.0,North,,,,,,,,,,,,,,,,
HIST_TC_000073,HIST_TC_000073,HISTORICAL,CYCLONE,2000,11,2000-11-01 00:00:00,month,11.6,79.9,exact,Tamil Nadu,,On Ocean,55.0,998.0,7.0,260.0,West,,,,,,,,,,,,,,,,
HIST_TC_000074,HIST_TC_000074,HISTORICAL,CYCLONE,2000,12,2000-12-01 00:00:00,month,8.5,81.5,exact,Tamil Nadu,,On Ocean,77.0,982.0,9.0,265.0,West,,,,,,,,,,,,,,,,
HIST_TC_000075,HIST_TC_000075,HISTORICAL,CYCLONE,2001,5,2001-05-01 00:00:00,month,23.1,68.5,exact,Gujarat,,On Ocean,,,8.0,45.0,North_East,,,,,,,,,,,,,,,,
HIST_TC_000076,HIST_TC_000076,HISTORICAL,CYCLONE,2001,6,2001-06-01 00:00:00,month,20.2,86.3,exact,Odisha,Jagatsinghpur,On Ocean,,,6.0,325.0,North_West,,,,,,,,,,,,,,,,
HIST_TC_000077,HIST_TC_000077,HISTORICAL,CYCLONE,2001,10,2001-10-01 00:00:00,month,14.0,80.5,exact,Andhra Pradesh,,On Ocean,35.0,998.0,10.0,285.0,West,,,,,,,,,,,,,,,,
HIST_TC_000078,HIST_TC_000078,HISTORICAL,CYCLONE,2001,12,2001-12-01 00:00:00,month,2.0,99.9,exact,Andaman and Nicobar Islands,,On Ocean,,,11.0,280.0,West,,,,,,,,,,,,,,,,
HIST_TC_000079,HIST_TC_000079,HISTORICAL,CYCLONE,2002,5,2002-05-01 00:00:00,month,16.5,53.3,exact,Gujarat,,On Ocean,,,8.0,335.0,North_West,,,,,,,,,,,,,,,,
HIST_TC_000080,HIST_TC_000080,HISTORICAL,CYCLONE,2002,5,2002-05-01 00:00:00,month,18.3,96.6,exact,Andaman and Nicobar Islands,,On Ocean,,,13.0,20.0,North,,,,,,,,,,,,,,,,
HIST_TC_000081,HIST_TC_000081,HISTORICAL,CYCLONE,2002,11,2002-11-01 00:00:00,month,20.9,87.5,exact,Odisha,,On Ocean,55.0,990.0,31.0,25.0,North_East,,,,,,,,,,,,,,,,
HIST_TC_000082,HIST_TC_000082,HISTORICAL,CYCLONE,2003,5,2003-05-01 00:00:00,month,18.7,93.6,exact,Mizoram,,On Ocean,35.0,994.0,9.0,25.0,North_East,,,,,,,,,,,,,,,,
HIST_TC_000083,HIST_TC_000083,HISTORICAL,CYCLONE,2003,7,2003-07-01 00:00:00,month,21.6,87.7,exact,West Bengal,,On Ocean,,,7.0,295.0,North_West,,,,,,,,,,,,,,,,
HIST_TC_000084,HIST_TC_000084,HISTORICAL,CYCLONE,2003,8,2003-08-01 00:00:00,month,20.7,87.3,exact,Odisha,,On Ocean,,,11.0,280.0,West,,,,,,,,,,,,,,,,
HIST_TC_000085,HIST_TC_000085,HISTORICAL,CYCLONE,2003,10,2003-10-01 00:00:00,month,17.9,83.9,exact,Andhra Pradesh,,On Ocean,,,9.0,340.0,North,,,,,,,,,,,,,,,,
HIST_TC_000086,HIST_TC_000086,HISTORICAL,CYCLONE,2003,10,2003-10-01 00:00:00,month,12.3,100.0,exact,Andaman and Nicobar Islands,,On Ocean,,,8.0,300.0,North_West,,,,,,,,,,,,,,,,
HIST_TC_000087,HIST_TC_000087,HISTORICAL,CYCLONE,2003,12,2003-12-01 00:00:00,month,15.6,81.1,exact,Andhra Pradesh,,On Ocean,55.0,990.0,9.0,355.0,North,,,,,,,,,,,,,,,,
HIST_TC_000088,HIST_TC_000088,HISTORICAL,CYCLONE,2004,5,2004-05-01 00:00:00,month,20.0,92.4,exact,Mizoram,,On Ocean,90.0,952.0,12.0,80.0,East,,,,,,,,,,,,,,,,
HIST_TC_000089,HIST_TC_000089,HISTORICAL,CYCLONE,2004,6,2004-06-01 00:00:00,month,20.9,85.4,exact,Odisha,Dhenkanal,On Ocean,,,7.0,330.0,North_West,,,,,,,,,,,,,,,,
HIST_TC_000090,HIST_TC_000090,HISTORICAL,CYCLONE,2004,9,2004-09-01 00:00:00,month,23.1,88.4,exact,West Bengal,Hooghly,On Ocean,,,2.0,295.0,North_West,,,,,,,,,,,,,,,,
HIST_TC_000091,HIST_TC_000091,HISTORICAL,CYCLONE,2004,10,2004-10-01 00:00:00,month,20.9,70.2,exact,Gujarat,,On Ocean,,,6.0,60.0,North_East,,,,,,,,,,,,,,,,
HIST_TC_000092,HIST_TC_000092,HISTORICAL,CYCLONE,2004,10,2004-10-01 00:00:00,month,23.6,88.4,exact,West Bengal,Nadia,On Ocean,,,8.0,75.0,East,,,,,,,,,,,,,,,,
HIST_TC_000093,HIST_TC_000093,HISTORICAL,CYCLONE,2004,12,2004-12-01 00:00:00,month,6.1,49.2,exact,Lakshadweep,,On Ocean,,,17.0,225.0,South_West,,,,,,,,,,,,,,,,
HIST_TC_000094,HIST_TC_000094,HISTORICAL,CYCLONE,2005,6,2005-06-01 00:00:00,month,21.9,87.5,exact,West Bengal,Purba Medinipur,On Ocean,,,12.0,310.0,North_West,,,,,,,,,,,,,,,,
HIST_TC_000095,HIST_TC_000095,HISTORICAL,CYCLONE,2005,7,2005-07-01 00:00:00,month,21.5,85.4,exact,Odisha,Kendujhar,On Ocean,,,1.0,150.0,South_East,,,,,,,,,,,,,,,,
HIST_TC_000096,HIST_TC_000096,HISTORICAL,CYCLONE,2005,9,2005-09-01 00:00:00,month,21.2,84.5,exact,Odisha,Sambalpur,On Ocean,,,7.0,295.0,North_West,,,,,,,,,,,,,,,,
HIST_TC_000097,HIST_TC_000097,HISTORICAL,CYCLONE,2005,9,2005-09-01 00:00:00,month,18.5,84.5,exact,Andhra Pradesh,,On Ocean,35.0,988.0,5.0,270.0,West,,,,,,,,,,,,,,,,
HIST_TC_000098,HIST_TC_000098,HISTORICAL,CYCLONE,2005,10,2005-10-01 00:00:00,month,21.8,88.0,exact,West Bengal,,On Ocean,,,8.0,15.0,North,,,,,,,,,,,,,,,,
HIST_TC_000099,HIST_TC_000099,HISTORICAL,CYCLONE,2005,10,2005-10-01 00:00:00,month,15.6,79.7,exact,Andhra Pradesh,Prakasam,On Ocean,,,4.0,285.0,West,,,,,,,,,,,,,,,,
HIST_TC_000100,HIST_TC_000100,HISTORICAL,CYCLONE,2005,12,2005-12-01 00:00:00,month,12.8,80.4,exact,Tamil Nadu,,On Ocean,,,4.0,270.0,West,,,,,,,,,,,,,,,,
HIST_TC_000101,HIST_TC_000101,HISTORICAL,CYCLONE,2005,12,2005-12-01 00:00:00,month,10.4,79.9,exact,Tamil Nadu,,On Ocean,,,5.0,245.0,South_West,,,,,,,,,,,,,,,,
HIST_TC_000102,HIST_TC_000102,HISTORICAL,CYCLONE,2006,4,2006-04-01 00:00:00,month,17.5,94.5,exact,Andaman and Nicobar Islands,,On Ocean,90.0,966.0,12.0,45.0,North_East,,,,,,,,,,,,,,,,
HIST_TC_000103,HIST_TC_000103,HISTORICAL,CYCLONE,2006,10,2006-10-01 00:00:00,month,9.1,78.7,exact,Tamil Nadu,,On Ocean,,,11.0,35.0,North_East,,,,,,,,,,,,,,,,
HIST_TC_000104,HIST_TC_000104,HISTORICAL,CYCLONE,2006,12,2006-12-01 00:00:00,month,9.5,99.5,exact,Andaman and Nicobar Islands,,On Ocean,,,15.0,290.0,West,,,,,,,,,,,,,,,,
HIST_TC_000105,HIST_TC_000105,HISTORICAL,CYCLONE,2007,5,2007-05-01 00:00:00,month,20.6,92.0,exact,Mizoram,,On Ocean,45.0,988.0,14.0,5.0,North,,,,,,,,,,,,,,,,
HIST_TC_000106,HIST_TC_000106,HISTORICAL,CYCLONE,2007,6,2007-06-01 00:00:00,month,25.5,58.1,exact,Gujarat,,On Ocean,,,5.0,335.0,North_West,,,,,,,,,,,,,,,,
HIST_TC_000107,HIST_TC_000107,HISTORICAL,CYCLONE,2007,6,2007-06-01 00:00:00,month,15.3,80.2,exact,Andhra Pradesh,,On Ocean,,,14.0,285.0,West,,,,,,,,,,,,,,,,
HIST_TC_000108,HIST_TC_000108,HISTORICAL,CYCLONE,2007,6,2007-06-01 00:00:00,month,19.7,85.6,exact,Odisha,,On Ocean,,,10.0,315.0,North_West,,,,,,,,,,,,,,,,
HIST_TC_000109,HIST_TC_000109,HISTORICAL,CYCLONE,2007,11,2007-11-01 00:00:00,month,21.6,89.6,exact,West Bengal,,On Ocean,115.0,944.0,19.0,35.0,North_East,,,,,,,,,,,,,,,,
HIST_TC_000110,HIST_TC_000110,HISTORICAL,CYCLONE,2008,5,2008-05-01 00:00:00,month,16.0,94.1,exact,Andaman and Nicobar Islands,,On Ocean,90.0,962.0,9.0,85.0,East,,,,,,,,,,,,,,,,
HIST_TC_000111,HIST_TC_000111,HISTORICAL,CYCLONE,2008,6,2008-06-01 00:00:00,month,22.4,89.4,exact,West Bengal,,On Ocean,,,7.0,340.0,North,,,,,,,,,,,,,,,,
HIST_TC_000112,HIST_TC_000112,HISTORICAL,CYCLONE,2008,8,2008-08-01 00:00:00,month,20.3,85.9,exact,Odisha,Khordha,On Ocean,,,6.0,345.0,North,,,,,,,,,,,,,,,,
HIST_TC_000113,HIST_TC_000113,HISTORICAL,CYCLONE,2008,9,2008-09-01 00:00:00,month,22.0,84.3,exact,Odisha,Jharsuguda,On Ocean,,,7.0,280.0,West,,,,,,,,,,,,,,,,
HIST_TC_000114,HIST_TC_000114,HISTORICAL,CYCLONE,2008,10,2008-10-01 00:00:00,month,11.8,54.1,exact,Lakshadweep,,On Ocean,,,10.0,345.0,North,,,,,,,,,,,,,,,,
HIST_TC_000115,HIST_TC_000115,HISTORICAL,CYCLONE,2008,10,2008-10-01 00:00:00,month,21.0,89.3,exact,West Bengal,,On Ocean,40.0,994.0,17.0,30.0,North_East,,,,,,,,,,,,,,,,
HIST_TC_000116,HIST_TC_000116,HISTORICAL,CYCLONE,2008,11,2008-11-01 00:00:00,month,9.0,81.0,exact,Tamil Nadu,,On Ocean,,,2.0,295.0,North_West,,,,,,,,,,,,,,,,
HIST_TC_000117,HIST_TC_000117,HISTORICAL,CYCLONE,2008,12,2008-12-01 00:00:00,month,7.7,81.5,exact,Tamil Nadu,,On Ocean,,,10.0,245.0,South_West,,,,,,,,,,,,,,,,
HIST_TC_000118,HIST_TC_000118,HISTORICAL,CYCLONE,2009,4,2009-04-01 00:00:00,month,21.9,91.8,exact,Mizoram,,On Ocean,,,12.0,70.0,East,,,,,,,,,,,,,,,,
HIST_TC_000119,HIST_TC_000119,HISTORICAL,CYCLONE,2009,5,2009-05-01 00:00:00,month,21.6,88.2,exact,West Bengal,,On Ocean,55.0,974.0,15.0,5.0,North,,,,,,,,,,,,,,,,
HIST_TC_000120,HIST_TC_000120,HISTORICAL,CYCLONE,2009,11,2009-11-01 00:00:00,month,17.9,72.7,exact,Maharashtra,,On Ocean,40.0,992.0,19.0,20.0,North,,,,,,,,,,,,,,,,
HIST_TC_000121,HIST_TC_000121,HISTORICAL,CYCLONE,2010,5,2010-05-01 00:00:00,month,15.7,80.5,exact,Andhra Pradesh,,On Ocean,55.0,986.0,3.0,355.0,North,,,,,,,,,,,,,,,,
HIST_TC_000122,HIST_TC_000122,HISTORICAL,CYCLONE,2010,6,2010-06-01 00:00:00,month,21.1,59.3,exact,Gujarat,,On Ocean,65.0,980.0,9.0,355.0,North,,,,,,,,,,,,,,,,
HIST_TC_000123,HIST_TC_000123,HISTORICAL,CYCLONE,2010,10,2010-10-01 00:00:00,month,19.8,93.4,exact,Mizoram,,On Ocean,105.0,950.0,7.0,15.0,North,,,,,,,,,,,,,,,,
HIST_TC_000124,HIST_TC_000124,HISTORICAL,CYCLONE,2010,11,2010-11-01 00:00:00,month,7.6,99.8,exact,Andaman and Nicobar Islands,,On Ocean,,,18.0,275.0,West,,,,,,,,,,,,,,,,
HIST_TC_000125,HIST_TC_000125,HISTORICAL,CYCLONE,2011,6,2011-06-01 00:00:00,month,22.8,88.5,exact,West Bengal,North 24 Parganas,On Ocean,35.0,978.0,9.0,300.0,North_West,,,,,,,,,,,,,,,,
HIST_TC_000126,HIST_TC_000126,HISTORICAL,CYCLONE,2011,11,2011-11-01 00:00:00,month,16.9,54.6,exact,Gujarat,,On Ocean,35.0,996.0,4.0,320.0,North_West,,,,,,,,,,,,,,,,
HIST_TC_000127,HIST_TC_000127,HISTORICAL,CYCLONE,2011,12,2011-12-01 00:00:00,month,11.7,79.9,exact,Tamil Nadu,,On Ocean,75.0,969.0,8.0,255.0,West,,,,,,,,,,,,,,,,
HIST_TC_000128,HIST_TC_000128,HISTORICAL,CYCLONE,2012,10,2012-10-01 00:00:00,month,12.3,80.5,exact,Tamil Nadu,,On Ocean,45.0,987.0,15.0,310.0,North_West,,,,,,,,,,,,,,,,
HIST_TC_000129,HIST_TC_000129,HISTORICAL,CYCLONE,2012,11,2012-11-01 00:00:00,month,12.9,80.5,exact,Tamil Nadu,,On Ocean,,,5.0,260.0,West,,,,,,,,,,,,,,,,
HIST_TC_000130,HIST_TC_000130,HISTORICAL,CYCLONE,2013,5,2013-05-01 00:00:00,month,21.2,90.2,exact,West Bengal,,On Ocean,45.0,990.0,25.0,30.0,North_East,,,,,,,,,,,,,,,,
HIST_TC_000131,HIST_TC_000131,HISTORICAL,CYCLONE,2013,10,2013-10-01 00:00:00,month,19.1,85.1,exact,Odisha,,On Ocean,115.0,940.0,9.0,335.0,North_West,,,,,,,,,,,,,,,,
HIST_TC_000132,HIST_TC_000132,HISTORICAL,CYCLONE,2013,11,2013-11-01 00:00:00,month,12.5,99.6,exact,Andaman and Nicobar Islands,,On Ocean,,,14.0,300.0,North_West,,,,,,,,,,,,,,,,
HIST_TC_000133,HIST_TC_000133,HISTORICAL,CYCLONE,2013,11,2013-11-01 00:00:00,month,9.2,48.6,exact,Lakshadweep,,On Ocean,,,13.0,290.0,West,,,,,,,,,,,,,,,,
HIST_TC_000134,HIST_TC_000134,HISTORICAL,CYCLONE,2013,11,2013-11-01 00:00:00,month,16.2,81.4,exact,Andhra Pradesh,,On Ocean,55.0,990.0,5.0,255.0,West,,,,,,,,,,,,,,,,
HIST_TC_000135,HIST_TC_000135,HISTORICAL,CYCLONE,2013,11,2013-11-01 00:00:00,month,6.7,99.9,exact,Andaman and Nicobar Islands,,On Ocean,,,6.0,265.0,West,,,,,,,,,,,,,,,,
HIST_TC_000136,HIST_TC_000136,HISTORICAL,CYCLONE,2014,1,2014-01-01 00:00:00,month,7.7,79.8,exact,Tamil Nadu,,On Ocean,,,5.0,225.0,South_West,,,,,,,,,,,,,,,,
HIST_TC_000137,HIST_TC_000137,HISTORICAL,CYCLONE,2014,10,2014-10-01 00:00:00,month,17.6,83.4,exact,Andhra Pradesh,,On Ocean,100.0,950.0,8.0,300.0,North_West,,,,,,,,,,,,,,,,
HIST_TC_000138,HIST_TC_000138,HISTORICAL,CYCLONE,2015,7,2015-07-01 00:00:00,month,22.5,91.4,exact,Tripura,,On Ocean,35.0,988.0,5.0,335.0,North_West,,,,,,,,,,,,,,,,
HIST_TC_000139,HIST_TC_000139,HISTORICAL,CYCLONE,2015,11,2015-11-01 00:00:00,month,14.0,48.9,exact,Gujarat,,On Ocean,65.0,984.0,9.0,285.0,West,,,,,,,,,,,,,,,,
HIST_TC_000140,HIST_TC_000140,HISTORICAL,CYCLONE,2015,11,2015-11-01 00:00:00,month,12.7,53.5,exact,Gujarat,,On Ocean,90.0,970.0,13.0,270.0,West,,,,,,,,,,,,,,,,
HIST_TC_000141,HIST_TC_000141,HISTORICAL,CYCLONE,2016,5,2016-05-01 00:00:00,month,22.6,91.5,exact,Tripura,,On Ocean,45.0,983.0,14.0,40.0,North_East,,,,,,,,,,,,,,,,
HIST_TC_000142,HIST_TC_000142,HISTORICAL,CYCLONE,2016,12,2016-12-01 00:00:00,month,11.0,79.3,exact,Tamil Nadu,Thanjavur,On Ocean,,,7.0,280.0,West,,,,,,,,,,,,,,,,
HIST_TC_000143,HIST_TC_000143,HISTORICAL,CYCLONE,2016,12,2016-12-01 00:00:00,month,13.2,80.3,exact,Tamil Nadu,Thiruvallur,On Ocean,60.0,975.0,9.0,265.0,West,,,,,,,,,,,,,,,,
HIST_TC_000144,HIST_TC_000144,HISTORICAL,CYCLONE,2017,4,2017-04-01 00:00:00,month,18.5,93.9,exact,Andaman and Nicobar Islands,,On Ocean,40.0,996.0,9.0,40.0,North_East,,,,,,,,,,,,,,,,
HIST_TC_000145,HIST_TC_000145,HISTORICAL,CYCLONE,2017,5,2017-05-01 00:00:00,month,21.0,91.9,exact,Mizoram,,On Ocean,60.0,978.0,17.0,10.0,North,,,,,,,,,,,,,,,,
HIST_TC_000146,HIST_TC_000146,HISTORICAL,CYCLONE,2017,11,2017-11-01 00:00:00,month,11.2,99.8,exact,Andaman and Nicobar Islands,,On Ocean,,,4.0,295.0,North_West,,,,,,,,,,,,,,,,
HIST_TC_000147,HIST_TC_000147,HISTORICAL,CYCLONE,2018,5,2018-05-01 00:00:00,month,10.7,44.2,exact,Gujarat,,On Ocean,40.0,996.0,5.0,235.0,South_West,,,,,,,,,,,,,,,,
HIST_TC_000148,HIST_TC_000148,HISTORICAL,CYCLONE,2018,9,2018-09-01 00:00:00,month,19.1,85.2,exact,Odisha,,On Ocean,35.0,992.0,15.0,300.0,North_West,,,,,,,,,,,,,,,,
HIST_TC_000149,HIST_TC_000149,HISTORICAL,CYCLONE,2018,10,2018-10-01 00:00:00,month,15.6,52.5,exact,Gujarat,,On Ocean,40.0,998.0,8.0,305.0,North_West,,,,,,,,,,,,,,,,
HIST_TC_000150,HIST_TC_000150,HISTORICAL,CYCLONE,2018,10,2018-10-01 00:00:00,month,18.6,84.6,exact,Andhra Pradesh,,On Ocean,80.0,972.0,8.0,310.0,North_West,,,,,,,,,,,,,,,,
HIST_TC_000151,HIST_TC_000151,HISTORICAL,CYCLONE,2018,11,2018-11-01 00:00:00,month,10.6,80.3,exact,Tamil Nadu,,On Ocean,70.0,976.0,10.0,260.0,West,,,,,,,,,,,,,,,,
HIST_TC_000152,HIST_TC_000152,HISTORICAL,CYCLONE,2018,12,2018-12-01 00:00:00,month,16.5,82.3,exact,Andhra Pradesh,,On Ocean,40.0,998.0,9.0,10.0,North,,,,,,,,,,,,,,,,
HIST_TC_000153,HIST_TC_000153,HISTORICAL,CYCLONE,2019,1,2019-01-01 00:00:00,month,8.3,99.8,exact,Andaman and Nicobar Islands,,On Ocean,45.0,998.0,9.0,280.0,West,,,,,,,,,,,,,,,,
HIST_TC_000154,HIST_TC_000154,HISTORICAL,CYCLONE,2019,5,2019-05-01 00:00:00,month,19.6,85.7,exact,Odisha,,On Ocean,100.0,952.0,12.0,20.0,North,,,,,,,,,,,,,,,,
HIST_TC_000155,HIST_TC_000155,HISTORICAL,CYCLONE,2019,6,2019-06-01 00:00:00,month,23.1,68.3,exact,Gujarat,,On Ocean,,,6.0,50.0,North_East,,,,,,,,,,,,,,,,
HIST_TC_000156,HIST_TC_000156,HISTORICAL,CYCLONE,2019,9,2019-09-01 00:00:00,month,19.8,58.3,exact,Gujarat,,On Ocean,75.0,978.0,12.0,260.0,West,,,,,,,,,,,,,,,,
HIST_TC_000157,HIST_TC_000157,HISTORICAL,CYCLONE,2019,11,2019-11-01 00:00:00,month,14.1,99.6,exact,Andaman and Nicobar Islands,,On Ocean,,,7.0,255.0,West,,,,,,,,,,,,,,,,
HIST_TC_000158,HIST_TC_000158,HISTORICAL,CYCLONE,2019,12,2019-12-01 00:00:00,month,7.7,50.6,exact,Lakshadweep,,On Ocean,35.0,999.0,13.0,265.0,West,,,,,,,,,,,,,,,,
HIST_TC_000159,HIST_TC_000159,HISTORICAL,CYCLONE,2020,5,2020-05-01 00:00:00,month,21.4,88.1,exact,West Bengal,,On Ocean,90.0,960.0,16.0,15.0,North,,,,,,,,,,,,,,,,
HIST_TC_000160,HIST_TC_000160,HISTORICAL,CYCLONE,2020,6,2020-06-01 00:00:00,month,18.1,72.9,exact,Maharashtra,,On Ocean,60.0,984.0,12.0,40.0,North_East,,,,,,,,,,,,,,,,
HIST_TC_000161,HIST_TC_000161,HISTORICAL,CYCLONE,2020,11,2020-11-01 00:00:00,month,10.4,51.5,exact,Lakshadweep,,On Ocean,75.0,976.0,10.0,270.0,West,,,,,,,,,,,,,,,,
HIST_TC_000162,HIST_TC_000162,HISTORICAL,CYCLONE,2020,11,2020-11-01 00:00:00,month,12.2,80.1,exact,Tamil Nadu,,On Ocean,60.0,986.0,6.0,315.0,North_West,,,,,,,,,,,,,,,,
HIST_TC_000163,HIST_TC_000163,HISTORICAL,CYCLONE,2020,12,2020-12-01 00:00:00,month,9.0,81.2,exact,Tamil Nadu,,On Ocean,45.0,996.0,8.0,280.0,West,,,,,,,,,,,,,,,,
HIST_TC_000164,HIST_TC_000164,HISTORICAL,CYCLONE,2020,12,2020-12-01 00:00:00,month,9.4,99.6,exact,Andaman and Nicobar Islands,,On Ocean,,,15.0,300.0,North_West,,,,,,,,,,,,,,,,
HIST_TC_000165,HIST_TC_000165,HISTORICAL,CYCLONE,2021,5,2021-05-01 00:00:00,month,20.5,71.3,exact,Gujarat,,On Ocean,90.0,960.0,9.0,350.0,North,,,,,,,,,,,,,,,,
HIST_TC_000166,HIST_TC_000166,HISTORICAL,CYCLONE,2021,5,2021-05-01 00:00:00,month,21.1,87.2,exact,Odisha,,On Ocean,75.0,970.0,11.0,325.0,North_West,,,,,,,,,,,,,,,,
HIST_TC_000167,HIST_TC_000167,HISTORICAL,CYCLONE,2021,9,2021-09-01 00:00:00,month,16.1,99.9,exact,Andaman and Nicobar Islands,,On Ocean,,,9.0,270.0,West,,,,,,,,,,,,,,,,
HIST_TC_000168,HIST_TC_000168,HISTORICAL,CYCLONE,2021,9,2021-09-01 00:00:00,month,18.4,84.6,exact,Andhra Pradesh,,On Ocean,45.0,992.0,14.0,265.0,West,,,,,,,,,,,,,,,,
HIST_TC_000169,HIST_TC_000169,HISTORICAL,CYCLONE,2021,12,2021-12-01 00:00:00,month,21.5,87.7,exact,West Bengal,,On Ocean,,,9.0,40.0,North_East,,,,,,,,,,,,,,,,
HIST_TC_000170,HIST_TC_000170,HISTORICAL,CYCLONE,2022,8,2022-08-01 00:00:00,month,18.0,95.0,exact,Andaman and Nicobar Islands,,On Ocean,,,10.0,300.0,North_West,,,,,,,,,,,,,,,,
HIST_TC_000171,HIST_TC_000171,HISTORICAL,CYCLONE,2022,10,2022-10-01 00:00:00,month,21.8,90.4,exact,West Bengal,,On Ocean,45.0,996.0,32.0,15.0,North,,,,,,,,,,,,,,,,
HIST_TC_000172,HIST_TC_000172,HISTORICAL,CYCLONE,2022,12,2022-12-01 00:00:00,month,12.6,80.4,exact,Tamil Nadu,,On Ocean,35.0,995.0,8.0,310.0,North_West,,,,,,,,,,,,,,,,
HIST_TC_000173,HIST_TC_000173,HISTORICAL,CYCLONE,2023,5,2023-05-01 00:00:00,month,19.9,92.6,exact,Mizoram,,On Ocean,100.0,952.0,14.0,35.0,North_East,,,,,,,,,,,,,,,,
HIST_TC_000174,HIST_TC_000174,HISTORICAL,CYCLONE,2023,6,2023-06-01 00:00:00,month,23.3,68.6,exact,Gujarat,Kutch,On Ocean,60.0,980.0,6.0,50.0,North_East,,,,,,,,,,,,,,,,
HIST_TC_000175,HIST_TC_000175,HISTORICAL,CYCLONE,2023,10,2023-10-01 00:00:00,month,15.9,52.3,exact,Gujarat,,On Ocean,60.0,990.0,3.0,270.0,West,,,,,,,,,,,,,,,,
HIST_TC_000176,HIST_TC_000176,HISTORICAL,CYCLONE,2023,10,2023-10-01 00:00:00,month,21.5,91.5,exact,Mizoram,,On Ocean,45.0,996.0,19.0,45.0,North_East,,,,,,,,,,,,,,,,
HIST_TC_000177,HIST_TC_000177,HISTORICAL,CYCLONE,2023,11,2023-11-01 00:00:00,month,21.4,89.7,exact,West Bengal,,On Ocean,45.0,998.0,17.0,35.0,North_East,,,,,,,,,,,,,,,,
HIST_TC_000178,HIST_TC_000178,HISTORICAL,CYCLONE,2023,12,2023-12-01 00:00:00,month,14.4,80.3,exact,Andhra Pradesh,,On Ocean,55.0,986.0,5.0,330.0,North_West,,,,,,,,,,,,,,,,
HIST_TC_000179,HIST_TC_000179,HISTORICAL,CYCLONE,2024,5,2024-05-01 00:00:00,month,21.5,89.0,exact,West Bengal,,On Ocean,60.0,978.0,9.0,345.0,North,,,,,,,,,,,,,,,,
HIST_TC_000180,HIST_TC_000180,HISTORICAL,CYCLONE,2024,10,2024-10-01 00:00:00,month,20.5,87.1,exact,Odisha,,On Ocean,55.0,988.0,6.0,335.0,North_West,,,,,,,,,,,,,,,,
HIST_TC_000181,HIST_TC_000181,HISTORICAL,CYCLONE,2024,11,2024-11-01 00:00:00,month,12.1,80.0,exact,Tamil Nadu,,On Ocean,35.0,999.0,2.0,255.0,West,,,,,,,,,,,,,,,,
GDACS_TC_1000624,GDACS_TC_1000624,GDACS,CYCLONE,2019,10,2019-10-29 18:00:00,day,23.0,90.8,exact,,,,,,,,,11.75,157.4064,Tropical Storm (maximum wind speed of 157 km/h),Red,3.0,Tropical Cyclone MATMO-19/BULBUL-19,21.0,MATMO-19/BULBUL-19,TC-2019-000147-BGD,"Bangladesh, India, Myanmar, Thailand, Cambodia, Laos, Viet Nam",BGD,2019-10-29 18:00:00,2019-11-10 12:00:00,2024-05-13 13:23:03.837,JTWC,"{'severity': 157.4064, 'severitytext': 'Tropical Storm (maximum wind speed of 157 km/h)', 'severityunit': 'km/h'}"
GDACS_TC_1000565,GDACS_TC_1000565,GDACS,CYCLONE,2019,6,2019-06-10 12:00:00,day,21.8,66.8,exact,,,,,,,,,6.5,175.9248,Tropical Storm (maximum wind speed of 176 km/h),Orange,2.0,Tropical Cyclone VAYU-19,27.0,VAYU-19,TC-2019-000055-IND,", India, Pakistan",,2019-06-10 12:00:00,2019-06-17 00:00:00,2024-05-13 13:23:03.840,JTWC,"{'severity': 175.9248, 'severitytext': 'Tropical Storm (maximum wind speed of 176 km/h)', 'severityunit': 'km/h'}"
GDACS_TC_1000561,GDACS_TC_1000561,GDACS,CYCLONE,2019,4,2019-04-27 00:00:00,day,21.3,86.2,exact,Odisha,Mayurbhanj,,,,,,,6.5,249.9984,Hurricane/Typhoon > 74 mph (maximum wind speed of 250 km/h),Red,3.0,Tropical Cyclone FANI-19,27.0,FANI-19,TC-2019-000043-IND,", India, Bangladesh, Bhutan",IND,2019-04-27 00:00:00,2019-05-03 12:00:00,2024-05-13 13:23:03.843,JTWC,"{'severity': 249.9984, 'severitytext': 'Hurricane/Typhoon > 74 mph (maximum wind speed of 250 km/h)', 'severityunit': 'km/h'}"
GDACS_TC_1000552,GDACS_TC_1000552,GDACS,CYCLONE,2019,3,2019-03-09 06:00:00,day,-19.6,34.8,exact,,,,,,,,,5.75,194.4432,Hurricane/Typhoon > 74 mph (maximum wind speed of 194 km/h),Red,3.0,Tropical Cyclone IDAI-19,24.0,IDAI-19,TC-2019-000021-MOZ,"Mozambique, Zimbabwe, Miscellaneous (French) Indian Ocean Islands",MOZ,2019-03-09 06:00:00,2019-03-15 00:00:00,2024-05-13 13:23:03.847,JTWC,"{'severity': 194.4432, 'severitytext': 'Hurricane/Typhoon > 74 mph (maximum wind speed of 194 km/h)', 'severityunit': 'km/h'}"
GDACS_TC_1000748,GDACS_TC_1000748,GDACS,CYCLONE,2020,12,2020-12-01 12:00:00,day,9.0,79.4,exact,,,,,,,,,3.25,83.3328,Tropical Depression (maximum wind speed of 83 km/h),Orange,2.0,Tropical Cyclone BUREVI-20,14.0,BUREVI-20,TC-2020-000233-IND,"India, Sri Lanka",IND,2020-12-01 12:00:00,2020-12-04 18:00:00,,JTWC,"{'severity': 83.3328, 'severitytext': 'Tropical Depression (maximum wind speed of 83 km/h)', 'severityunit': 'km/h'}"
GDACS_TC_1000747,GDACS_TC_1000747,GDACS,CYCLONE,2020,11,2020-11-23 12:00:00,day,12.3,79.4,exact,Tamil Nadu,Viluppuram,,,,,,,2.5,129.6288,Tropical Storm (maximum wind speed of 130 km/h),Red,3.0,Tropical Cyclone NIVAR-20,11.0,NIVAR-20,TC-2020-000233-IND,India,IND,2020-11-23 12:00:00,2020-11-26 00:00:00,,JTWC,"{'severity': 129.6288, 'severitytext': 'Tropical Storm (maximum wind speed of 130 km/h)', 'severityunit': 'km/h'}"
GDACS_TC_1000673,GDACS_TC_1000673,GDACS,CYCLONE,2020,6,2020-06-02 18:00:00,day,19.1,73.7,exact,Maharashtra,Pune,,,,,,,0.75,138.888,Hurricane/Typhoon > 74 mph (maximum wind speed of 139 km/h),Red,3.0,Tropical Cyclone NISARGA-20,4.0,NISARGA-20,TC-2020-000135-IND,India,IND,2020-06-02 18:00:00,2020-06-03 12:00:00,2024-05-13 13:23:03.830,JTWC,"{'severity': 138.888, 'severitytext': 'Hurricane/Typhoon > 74 mph (maximum wind speed of 139 km/h)', 'severityunit': 'km/h'}"
GDACS_TC_1000667,GDACS_TC_1000667,GDACS,CYCLONE,2020,5,2020-05-16 06:00:00,day,22.2,88.3,exact,West Bengal,South 24 Parganas,,,,,,,4.25,268.5168,Hurricane/Typhoon > 74 mph (maximum wind speed of 269 km/h),Red,3.0,Tropical Cyclone AMPHAN-20,18.0,AMPHAN-20,TC-2020-000137-BGD,"India, Bangladesh, Bhutan",BGD,2020-05-16 06:00:00,2020-05-20 12:00:00,2024-05-13 13:23:03.830,JTWC,"{'severity': 268.5168, 'severitytext': 'Hurricane/Typhoon > 74 mph (maximum wind speed of 269 km/h)', 'severityunit': 'km/h'}"
GDACS_TC_1000784,GDACS_TC_1000784,GDACS,CYCLONE,2021,5,2021-05-24 00:00:00,day,21.6,87.0,exact,Odisha,Balasore,,,,,,,2.25,120.3696,Tropical Storm (maximum wind speed of 120 km/h),Red,3.0,Tropical Cyclone YAAS-21,10.0,YAAS-21,TC-2021-000056-IND,India,IND,2021-05-24 00:00:00,2021-05-26 06:00:00,,JTWC,"{'severity': 120.3696, 'severitytext': 'Tropical Storm (maximum wind speed of 120 km/h)', 'severityunit': 'km/h'}"
GDACS_TC_1000782,GDACS_TC_1000782,GDACS,CYCLONE,2021,5,2021-05-14 06:00:00,day,20.8,71.3,exact,,,,,,,,,3.5,222.2208,Hurricane/Typhoon > 74 mph (maximum wind speed of 222 km/h),Red,3.0,Tropical Cyclone TAUKTAE-21,15.0,TAUKTAE-21,TC-2021-000056-IND,"India, Pakistan",IND,2021-05-14 06:00:00,2021-05-17 18:00:00,,JTWC,"{'severity': 222.2208, 'severitytext': 'Hurricane/Typhoon > 74 mph (maximum wind speed of 222 km/h)', 'severityunit': 'km/h'}"
GDACS_TC_1000760,GDACS_TC_1000760,GDACS,CYCLONE,2021,1,2021-01-17 06:00:00,day,-20.4,34.0,exact,,,,,,,,,6.0,138.888,Hurricane/Typhoon > 74 mph (maximum wind speed of 139 km/h),Orange,2.0,Tropical Cyclone ELOISE-21,13.0,ELOISE-21,,"Mozambique, Zimbabwe, Madagascar, Miscellaneous (French) Indian Ocean Islands",MOZ,2021-01-17 06:00:00,2021-01-23 06:00:00,,JTWC,"{'severity': 138.888, 'severitytext': 'Hurricane/Typhoon > 74 mph (maximum wind speed of 139 km/h)', 'severityunit': 'km/h'}"
GDACS_TC_1000950,GDACS_TC_1000950,GDACS,CYCLONE,2022,12,2022-12-07 18:00:00,day,12.9,80.1,exact,Tamil Nadu,Chengalpattu,,,,,,,2.25,101.8512,Tropical Depression (maximum wind speed of 102 km/h),Orange,2.0,Tropical Cyclone MANDOUS-22,10.0,MANDOUS-22,,"India, Sri Lanka",IND,2022-12-07 18:00:00,2022-12-10 00:00:00,,JTWC,"{'severity': 101.8512, 'severitytext': 'Tropical Depression (maximum wind speed of 102 km/h)', 'severityunit': 'km/h'}"
GDACS_TC_1000941,GDACS_TC_1000941,GDACS,CYCLONE,2022,10,2022-10-23 12:00:00,day,24.1,91.0,exact,,,,,,,,,1.25,83.3328,Tropical Storm (maximum wind speed of 83 km/h),Orange,2.0,Tropical Cyclone SITRANG-22,6.0,SITRANG-22,,"Bangladesh, India, Myanmar, Bhutan",BGD,2022-10-23 12:00:00,2022-10-24 18:00:00,,JTWC,"{'severity': 83.3328, 'severitytext': 'Tropical Storm (maximum wind speed of 83 km/h)', 'severityunit': 'km/h'}"
GDACS_TC_1000904,GDACS_TC_1000904,GDACS,CYCLONE,2022,8,2022-08-18 18:00:00,day,22.0,87.3,exact,West Bengal,Paschim Medinipur,,,,,,,1.0,83.3328,Tropical Storm (maximum wind speed of 83 km/h),Orange,2.0,Tropical Cyclone FOUR-22,5.0,FOUR-22,,"India, Bangladesh",BGD,2022-08-18 18:00:00,2022-08-19 18:00:00,,JTWC,"{'severity': 83.3328, 'severitytext': 'Tropical Storm (maximum wind speed of 83 km/h)', 'severityunit': 'km/h'}"
GDACS_TC_1000883,GDACS_TC_1000883,GDACS,CYCLONE,2022,5,2022-05-07 06:00:00,day,16.0,81.0,exact,Andhra Pradesh,Krishna,,,,,,,4.25,120.3696,Tropical Storm (maximum wind speed of 120 km/h),Orange,2.0,Tropical Cyclone ASANI-22,18.0,ASANI-22,TC-2022-000229-IND,India,IND,2022-05-07 06:00:00,2022-05-11 12:00:00,,JTWC,"{'severity': 120.3696, 'severitytext': 'Tropical Storm (maximum wind speed of 120 km/h)', 'severityunit': 'km/h'}"
GDACS_TC_1000858,GDACS_TC_1000858,GDACS,CYCLONE,2022,1,2022-01-23 12:00:00,day,-16.3,38.8,exact,,,,,,,,,1.0,83.3328,Tropical Storm (maximum wind speed of 83 km/h),Orange,2.0,Tropical Cyclone ANA-22,3.0,ANA-22,,"Mozambique, Malawi, Miscellaneous (French) Indian Ocean Islands, Madagascar, Zimbabwe",MDG,2022-01-23 12:00:00,2022-01-24 12:00:00,,JTWC,"{'severity': 83.3328, 'severitytext': 'Tropical Storm (maximum wind speed of 83 km/h)', 'severityunit': 'km/h'}"
GDACS_TC_1001037,GDACS_TC_1001037,GDACS,CYCLONE,2023,12,2023-12-03 00:00:00,day,14.3,80.1,exact,Andhra Pradesh,S.P.S. Nellore,,,,,,,1.75,111.1104,Tropical Storm (maximum wind speed of 111 km/h),Orange,2.0,Tropical Cyclone MICHAUNG-23,8.0,MICHAUNG-23,,India,IND,2023-12-03 00:00:00,2023-12-04 18:00:00,,JTWC,"{'severity': 111.1104, 'severitytext': 'Tropical Storm (maximum wind speed of 111 km/h)', 'severityunit': 'km/h'}"
GDACS_TC_1001034,GDACS_TC_1001034,GDACS,CYCLONE,2023,11,2023-11-16 18:00:00,day,23.2,91.2,exact,,,,,,,,,0.75,74.0736,Tropical Storm (maximum wind speed of 74 km/h),Orange,2.0,Tropical Cyclone MIDHILI-23,4.0,MIDHILI-23,TC-2023-000230-BGD,"India, Bangladesh",BGD,2023-11-16 18:00:00,2023-11-17 12:00:00,,JTWC,"{'severity': 74.0736, 'severitytext': 'Tropical Storm (maximum wind speed of 74 km/h)', 'severityunit': 'km/h'}"
GDACS_TC_1001029,GDACS_TC_1001029,GDACS,CYCLONE,2023,10,2023-10-23 06:00:00,day,21.6,92.1,exact,,,,,,,,,1.5,148.1472,Hurricane/Typhoon > 74 mph (maximum wind speed of 148 km/h),Red,3.0,Tropical Cyclone HAMOON-23,7.0,HAMOON-23,TC-2023-000208-BGD,"Bangladesh, India, Myanmar",BGD,2023-10-23 06:00:00,2023-10-24 18:00:00,,JTWC,"{'severity': 148.1472, 'severitytext': 'Hurricane/Typhoon > 74 mph (maximum wind speed of 148 km/h)', 'severityunit': 'km/h'}"
GDACS_TC_1000987,GDACS_TC_1000987,GDACS,CYCLONE,2023,7,2023-07-31 18:00:00,day,21.9,90.4,exact,,,,,,,,,0.5,74.0736,Tropical Storm (maximum wind speed of 74 km/h),Orange,2.0,Tropical Cyclone FOUR-23,3.0,FOUR-23,,"Bangladesh, India, Myanmar",BGD,2023-07-31 18:00:00,2023-08-01 06:00:00,,JTWC,"{'severity': 74.0736, 'severitytext': 'Tropical Storm (maximum wind speed of 74 km/h)', 'severityunit': 'km/h'}"
GDACS_TC_1000975,GDACS_TC_1000975,GDACS,CYCLONE,2023,6,2023-06-06 18:00:00,day,23.4,68.7,exact,Gujarat,Kutch,,,,,,,9.0,194.4432,Tropical Storm (maximum wind speed of 194 km/h),Orange,2.0,Tropical Cyclone BIPARJOY-23,39.0,BIPARJOY-23,,"India, Pakistan",IND,2023-06-06 18:00:00,2023-06-15 18:00:00,,JTWC,"{'severity': 194.4432, 'severitytext': 'Tropical Storm (maximum wind speed of 194 km/h)', 'severityunit': 'km/h'}"
GDACS_TC_1001131,GDACS_TC_1001131,GDACS,CYCLONE,2024,12,2024-12-09 18:00:00,day,-16.55,33.77,exact,,,,,,,,,6.75,242.776224,Inland (maximum wind speed of 243 km/h),Red,3.0,Tropical Cyclone CHIDO-25,29.0,CHIDO-25,TC-2024-000225-COM,"Mozambique, Miscellaneous (French) Indian Ocean Islands, Madagascar, Comoros, Mayotte",MOZ,2024-12-09 18:00:00,2024-12-16 12:00:00,2026-02-11 15:18:59.037,RSMC,"{'severity': 242.776224, 'severitytext': 'Inland (maximum wind speed of 243 km/h)', 'severityunit': 'km/h'}"
GDACS_TC_1001130,GDACS_TC_1001130,GDACS,CYCLONE,2024,11,2024-11-29 18:00:00,day,12.1,79.9,exact,Tamil Nadu,Viluppuram,,,,,,,1.5,92.592,Tropical Storm (maximum wind speed of 93 km/h),Orange,2.0,Tropical Cyclone FENGAL-24,7.0,FENGAL-24,,India,IND,2024-11-29 18:00:00,2024-12-01 06:00:00,2026-02-11 15:18:59.037,JTWC,"{'severity': 92.592, 'severitytext': 'Tropical Storm (maximum wind speed of 93 km/h)', 'severityunit': 'km/h'}"
GDACS_TC_1001117,GDACS_TC_1001117,GDACS,CYCLONE,2024,10,2024-10-23 06:00:00,day,20.8,86.9,exact,Odisha,Bhadrak,,,,,,,1.75,120.3696,Tropical Storm (maximum wind speed of 120 km/h),Red,3.0,Tropical Cyclone DANA-24,8.0,DANA-24,TC-2024-000195-IND,India,IND,2024-10-23 06:00:00,2024-10-25 00:00:00,2026-02-11 15:18:59.037,JTWC,"{'severity': 120.3696, 'severitytext': 'Tropical Storm (maximum wind speed of 120 km/h)', 'severityunit': 'km/h'}"
GDACS_TC_1001089,GDACS_TC_1001089,GDACS,CYCLONE,2024,8,2024-08-30 00:00:00,day,22.1,61.8,exact,,,,,,,,,2.5,83.3328,Tropical Storm (maximum wind speed of 83 km/h),Orange,2.0,Tropical Cyclone ASNA-24,11.0,ASNA-24,,"Pakistan, India",IND,2024-08-30 00:00:00,2024-09-01 12:00:00,2026-02-11 15:18:59.037,JTWC,"{'severity': 83.3328, 'severitytext': 'Tropical Storm (maximum wind speed of 83 km/h)', 'severityunit': 'km/h'}"
GDACS_TC_1001064,GDACS_TC_1001064,GDACS,CYCLONE,2024,5,2024-05-25 12:00:00,day,21.7,88.4,exact,,,,,,,,,1.25,101.8512,Tropical Storm (maximum wind speed of 102 km/h),Orange,2.0,Tropical Cyclone REMAL-24,6.0,REMAL-24,,"Bangladesh, India, Bhutan",BGD,2024-05-25 12:00:00,2024-05-26 18:00:00,2026-02-11 15:18:59.037,JTWC,"{'severity': 101.8512, 'severitytext': 'Tropical Storm (maximum wind speed of 102 km/h)', 'severityunit': 'km/h'}"
GDACS_TC_1001041,GDACS_TC_1001041,GDACS,CYCLONE,2024,1,2024-01-12 16:00:00,day,-23.6,64.48,exact,,,,,,,,,6.5,158.33232,Remnant Low (maximum wind speed of 158 km/h),Orange,2.0,Tropical Cyclone BELAL-24,27.0,BELAL-24,,"Miscellaneous (French) Indian Ocean Islands, Mauritius, Madagascar",REU,2024-01-12 16:00:00,2024-01-19 04:00:00,,RSMC,"{'severity': 158.33232, 'severitytext': 'Remnant Low (maximum wind speed of 158 km/h)', 'severityunit': 'km/h'}"
GDACS_TC_1001238,GDACS_TC_1001238,GDACS,CYCLONE,2025,11,2025-11-27 00:00:00,day,10.5,80.8,exact,,,,,,,,,2.75,64.8144,Tropical Depression (maximum wind speed of 65 km/h),Orange,2.0,Tropical Cyclone DITWAH-25,12.0,DITWAH-25,TC-2025-000218-LKA,"Sri Lanka, India",IND,2025-11-27 00:00:00,2025-11-29 18:00:00,2026-02-11 15:18:59.037,JTWC,"{'severity': 64.8144, 'severitytext': 'Tropical Depression (maximum wind speed of 65 km/h)', 'severityunit': 'km/h'}"
GDACS_TC_1001232,GDACS_TC_1001232,GDACS,CYCLONE,2025,10,2025-10-26 12:00:00,day,16.9,81.4,exact,Andhra Pradesh,West Godavari,,,,,,,2.5,83.3328,Tropical Storm (maximum wind speed of 83 km/h),Orange,2.0,Tropical Cyclone MONTHA-25,11.0,MONTHA-25,,India,IND,2025-10-26 12:00:00,2025-10-29 00:00:00,2026-02-11 15:18:59.037,JTWC,"{'severity': 83.3328, 'severitytext': 'Tropical Storm (maximum wind speed of 83 km/h)', 'severityunit': 'km/h'}"
GDACS_TC_1001218,GDACS_TC_1001218,GDACS,CYCLONE,2025,10,2025-10-01 06:00:00,day,19.5,84.7,exact,Odisha,Ganjam,,,,,,,1.25,64.8144,Tropical Storm (maximum wind speed of 65 km/h),Orange,2.0,Tropical Cyclone ONE-25,6.0,ONE-25,,India,IND,2025-10-01 06:00:00,2025-10-02 12:00:00,2026-02-11 15:18:59.037,JTWC,"{'severity': 64.8144, 'severitytext': 'Tropical Storm (maximum wind speed of 65 km/h)', 'severityunit': 'km/h'}"
